ProductID,ProductName,Category,SubCategory,UnitPrice
PROD1000,Product_0,Technology,Binders,763.36
PROD1001,Product_1,Technology,Chairs,862.81
PROD1002,Product_2,Technology,Storage,3189.07
PROD1003,Product_3,Office Supplies,Binders,3703.53
PROD1004,Product_4,Furniture,Phones,4312.26
PROD1005,Product_5,Technology,Phones,4709.12
PROD1006,Product_6,Technology,Phones,1088.35
PROD1007,Product_7,Office Supplies,Tables,1617.89
PROD1008,Product_8,Technology,Storage,1277.58
PROD1009,Product_9,Technology,Chairs,1857.93
PROD1010,Product_10,Office Supplies,Chairs,4581.86
PROD1011,Product_11,Technology,Storage,2918.05
PROD1012,Product_12,Technology,Tables,3717.14
PROD1013,Product_13,Office Supplies,Storage,2501.58
PROD1014,Product_14,Furniture,Tables,241.4
PROD1015,Product_15,Technology,Binders,414.56
PROD1016,Product_16,Technology,Binders,2735.82
PROD1017,Product_17,Furniture,Tables,3622.07
PROD1018,Product_18,Office Supplies,Storage,1155.12
PROD1019,Product_19,Furniture,Binders,3637.36
PROD1020,Product_20,Technology,Storage,4072.26
PROD1021,Product_21,Furniture,Binders,2118.3
PROD1022,Product_22,Office Supplies,Storage,3757.45
PROD1023,Product_23,Technology,Storage,2079.75
PROD1024,Product_24,Office Supplies,Phones,3423.92
PROD1025,Product_25,Office Supplies,Tables,3843.59
PROD1026,Product_26,Furniture,Chairs,4960.44
PROD1027,Product_27,Furniture,Tables,1792.44
PROD1028,Product_28,Office Supplies,Storage,2114.1
PROD1029,Product_29,Office Supplies,Storage,911.54
PROD1030,Product_30,Technology,Tables,1099.96
PROD1031,Product_31,Office Supplies,Storage,3497.64
PROD1032,Product_32,Office Supplies,Binders,4593.52
PROD1033,Product_33,Furniture,Storage,2033.56
PROD1034,Product_34,Office Supplies,Tables,981.24
PROD1035,Product_35,Office Supplies,Tables,1496.99
PROD1036,Product_36,Furniture,Tables,2329.75
PROD1037,Product_37,Technology,Phones,1524.19
PROD1038,Product_38,Furniture,Phones,1244.54
PROD1039,Product_39,Furniture,Phones,3706.32
PROD1040,Product_40,Office Supplies,Phones,138.44
PROD1041,Product_41,Office Supplies,Phones,2742.23
PROD1042,Product_42,Technology,Phones,3989.46
PROD1043,Product_43,Office Supplies,Phones,1404.52
PROD1044,Product_44,Technology,Tables,3056.13
PROD1045,Product_45,Technology,Chairs,3377.61
PROD1046,Product_46,Technology,Phones,3309.62
PROD1047,Product_47,Technology,Tables,2284.66
PROD1048,Product_48,Office Supplies,Chairs,1798.23
PROD1049,Product_49,Furniture,Phones,4196.03
PROD1050,Product_50,Furniture,Chairs,3816.39
PROD1051,Product_51,Office Supplies,Chairs,1674.15
PROD1052,Product_52,Office Supplies,Binders,604.79
PROD1053,Product_53,Technology,Storage,451.86
PROD1054,Product_54,Office Supplies,Binders,561.95
PROD1055,Product_55,Furniture,Chairs,2956.06
PROD1056,Product_56,Office Supplies,Tables,353.14
PROD1057,Product_57,Office Supplies,Phones,1750.94
PROD1058,Product_58,Technology,Storage,3790.68
PROD1059,Product_59,Technology,Phones,1542.31
PROD1060,Product_60,Technology,Tables,3840.21
PROD1061,Product_61,Technology,Storage,3752.79
PROD1062,Product_62,Furniture,Binders,1304.55
PROD1063,Product_63,Office Supplies,Chairs,3671.23
PROD1064,Product_64,Office Supplies,Tables,3764.11
PROD1065,Product_65,Technology,Chairs,2047.52
PROD1066,Product_66,Furniture,Chairs,1131.06
PROD1067,Product_67,Furniture,Phones,2654.23
PROD1068,Product_68,Office Supplies,Tables,4614.85
PROD1069,Product_69,Technology,Chairs,3234.12
PROD1070,Product_70,Office Supplies,Binders,947.32
PROD1071,Product_71,Office Supplies,Storage,3445.51
PROD1072,Product_72,Furniture,Tables,2193.29
PROD1073,Product_73,Furniture,Phones,2998.49
PROD1074,Product_74,Office Supplies,Tables,3696.91
PROD1075,Product_75,Technology,Phones,2623.24
PROD1076,Product_76,Technology,Storage,4088.52
PROD1077,Product_77,Office Supplies,Binders,3638.56
PROD1078,Product_78,Office Supplies,Chairs,3113.86
PROD1079,Product_79,Technology,Tables,838.88
PROD1080,Product_80,Technology,Phones,4196.15
PROD1081,Product_81,Technology,Storage,4685.94
PROD1082,Product_82,Office Supplies,Chairs,771.13
PROD1083,Product_83,Furniture,Storage,2492.38
PROD1084,Product_84,Technology,Binders,1368.55
PROD1085,Product_85,Technology,Chairs,3797.16
PROD1086,Product_86,Technology,Chairs,3635.99
PROD1087,Product_87,Office Supplies,Chairs,790.34
PROD1088,Product_88,Furniture,Phones,4397.43
PROD1089,Product_89,Furniture,Chairs,986.77
PROD1090,Product_90,Technology,Storage,4006.57
PROD1091,Product_91,Office Supplies,Phones,2339.2
PROD1092,Product_92,Furniture,Chairs,1708.53
PROD1093,Product_93,Office Supplies,Storage,875.37
PROD1094,Product_94,Furniture,Storage,921.31
PROD1095,Product_95,Technology,Tables,3343.26
PROD1096,Product_96,Office Supplies,Storage,2797.11
PROD1097,Product_97,Technology,Binders,698.22
PROD1098,Product_98,Furniture,Chairs,652.22
PROD1099,Product_99,Furniture,Chairs,454.32
PROD1100,Product_100,Technology,Chairs,3744.46
PROD1101,Product_101,Furniture,Storage,3588.22
PROD1102,Product_102,Technology,Storage,386.31
PROD1103,Product_103,Technology,Chairs,2845.32
PROD1104,Product_104,Technology,Phones,514.91
PROD1105,Product_105,Furniture,Phones,4528.35
PROD1106,Product_106,Office Supplies,Binders,4544.88
PROD1107,Product_107,Technology,Tables,3521.34
PROD1108,Product_108,Office Supplies,Binders,4638.33
PROD1109,Product_109,Furniture,Chairs,4076.12
PROD1110,Product_110,Furniture,Chairs,4159.84
PROD1111,Product_111,Office Supplies,Chairs,2891.57
PROD1112,Product_112,Technology,Tables,1599.69
PROD1113,Product_113,Furniture,Storage,1167.22
PROD1114,Product_114,Technology,Tables,1703.28
PROD1115,Product_115,Technology,Binders,3179.63
PROD1116,Product_116,Office Supplies,Storage,946.02
PROD1117,Product_117,Furniture,Storage,1367.34
PROD1118,Product_118,Office Supplies,Binders,2393.5
PROD1119,Product_119,Furniture,Storage,1241.95
PROD1120,Product_120,Office Supplies,Phones,2984.35
PROD1121,Product_121,Furniture,Binders,4623.56
PROD1122,Product_122,Furniture,Binders,3765.64
PROD1123,Product_123,Furniture,Phones,3365.49
PROD1124,Product_124,Technology,Tables,2955.34
PROD1125,Product_125,Technology,Tables,2490.94
PROD1126,Product_126,Office Supplies,Tables,1014.16
PROD1127,Product_127,Office Supplies,Storage,4484.08
PROD1128,Product_128,Furniture,Phones,1317.83
PROD1129,Product_129,Furniture,Binders,547.41
PROD1130,Product_130,Technology,Binders,3775.07
PROD1131,Product_131,Technology,Binders,960.52
PROD1132,Product_132,Technology,Storage,1922.29
PROD1133,Product_133,Office Supplies,Storage,238.6
PROD1134,Product_134,Technology,Tables,771.63
PROD1135,Product_135,Office Supplies,Storage,948.7
PROD1136,Product_136,Technology,Tables,366.61
PROD1137,Product_137,Technology,Tables,3317.62
PROD1138,Product_138,Furniture,Binders,4201.34
PROD1139,Product_139,Office Supplies,Storage,1929.25
PROD1140,Product_140,Technology,Tables,4385.42
PROD1141,Product_141,Furniture,Phones,1145.4
PROD1142,Product_142,Office Supplies,Phones,1694.41
PROD1143,Product_143,Office Supplies,Storage,838.61
PROD1144,Product_144,Technology,Binders,3140.74
PROD1145,Product_145,Office Supplies,Binders,2157.36
PROD1146,Product_146,Furniture,Tables,3105.09
PROD1147,Product_147,Furniture,Storage,3832.21
PROD1148,Product_148,Office Supplies,Phones,2773.94
PROD1149,Product_149,Furniture,Tables,3175.39
PROD1150,Product_150,Office Supplies,Tables,4682.73
PROD1151,Product_151,Furniture,Chairs,1565.42
PROD1152,Product_152,Office Supplies,Storage,1859.9
PROD1153,Product_153,Office Supplies,Tables,3616.75
PROD1154,Product_154,Office Supplies,Phones,3095.4
PROD1155,Product_155,Furniture,Chairs,974.81
PROD1156,Product_156,Office Supplies,Phones,1943.12
PROD1157,Product_157,Office Supplies,Binders,2392.41
PROD1158,Product_158,Technology,Chairs,2155.01
PROD1159,Product_159,Technology,Chairs,973.55
PROD1160,Product_160,Office Supplies,Tables,4629.71
PROD1161,Product_161,Technology,Binders,3835.36
PROD1162,Product_162,Office Supplies,Tables,2458.64
PROD1163,Product_163,Technology,Storage,3432.3
PROD1164,Product_164,Furniture,Phones,4496.69
PROD1165,Product_165,Furniture,Phones,767.25
PROD1166,Product_166,Office Supplies,Tables,1326.83
PROD1167,Product_167,Office Supplies,Phones,2759.24
PROD1168,Product_168,Furniture,Phones,4015.15
PROD1169,Product_169,Furniture,Storage,277.65
PROD1170,Product_170,Technology,Binders,4921.69
PROD1171,Product_171,Office Supplies,Chairs,2329.04
PROD1172,Product_172,Furniture,Tables,1860.23
PROD1173,Product_173,Furniture,Tables,1534.35
PROD1174,Product_174,Office Supplies,Storage,954.35
PROD1175,Product_175,Technology,Storage,3978.71
PROD1176,Product_176,Technology,Chairs,4781.53
PROD1177,Product_177,Technology,Binders,2126.86
PROD1178,Product_178,Technology,Tables,4766.86
PROD1179,Product_179,Furniture,Storage,4136.61
PROD1180,Product_180,Office Supplies,Tables,2457.15
PROD1181,Product_181,Office Supplies,Phones,3402.73
PROD1182,Product_182,Furniture,Tables,2231.42
PROD1183,Product_183,Furniture,Binders,2837.74
PROD1184,Product_184,Furniture,Binders,384.43
PROD1185,Product_185,Office Supplies,Tables,3511.69
PROD1186,Product_186,Office Supplies,Phones,358.84
PROD1187,Product_187,Office Supplies,Binders,4103.72
PROD1188,Product_188,Technology,Storage,4142.24
PROD1189,Product_189,Furniture,Tables,1261.68
PROD1190,Product_190,Furniture,Phones,1685.95
PROD1191,Product_191,Furniture,Storage,2458.42
PROD1192,Product_192,Office Supplies,Tables,3023.65
PROD1193,Product_193,Furniture,Phones,1508.03
PROD1194,Product_194,Furniture,Storage,3003.18
PROD1195,Product_195,Technology,Binders,1559.16
PROD1196,Product_196,Office Supplies,Tables,371.9
PROD1197,Product_197,Furniture,Tables,112.38
PROD1198,Product_198,Office Supplies,Binders,595.64
PROD1199,Product_199,Office Supplies,Chairs,3982.03
PROD1200,Product_200,Office Supplies,Storage,4811.01
PROD1201,Product_201,Technology,Binders,2192.13
PROD1202,Product_202,Office Supplies,Tables,2612.15
PROD1203,Product_203,Office Supplies,Storage,819.56
PROD1204,Product_204,Office Supplies,Storage,2800.05
PROD1205,Product_205,Furniture,Chairs,808.81
PROD1206,Product_206,Technology,Tables,3094.95
PROD1207,Product_207,Furniture,Phones,4672.97
PROD1208,Product_208,Technology,Chairs,1058.92
PROD1209,Product_209,Technology,Chairs,3846.36
PROD1210,Product_210,Office Supplies,Phones,215.16
PROD1211,Product_211,Office Supplies,Phones,1939.94
PROD1212,Product_212,Furniture,Chairs,642.67
PROD1213,Product_213,Technology,Storage,1827.13
PROD1214,Product_214,Office Supplies,Binders,950.33
PROD1215,Product_215,Office Supplies,Binders,1929.19
PROD1216,Product_216,Office Supplies,Chairs,2145.86
PROD1217,Product_217,Office Supplies,Storage,1572.9
PROD1218,Product_218,Furniture,Phones,3317.45
PROD1219,Product_219,Furniture,Chairs,4602.38
PROD1220,Product_220,Office Supplies,Tables,2062.92
PROD1221,Product_221,Office Supplies,Storage,1042.48
PROD1222,Product_222,Office Supplies,Tables,1426.54
PROD1223,Product_223,Office Supplies,Tables,4284.6
PROD1224,Product_224,Office Supplies,Chairs,2901.03
PROD1225,Product_225,Technology,Storage,2329.55
PROD1226,Product_226,Technology,Tables,833.22
PROD1227,Product_227,Technology,Storage,2303.66
PROD1228,Product_228,Technology,Binders,1464.61
PROD1229,Product_229,Office Supplies,Tables,4721.5
PROD1230,Product_230,Technology,Tables,4431.94
PROD1231,Product_231,Technology,Storage,511.12
PROD1232,Product_232,Furniture,Binders,2631.6
PROD1233,Product_233,Technology,Tables,1202.79
PROD1234,Product_234,Technology,Chairs,2112.81
PROD1235,Product_235,Office Supplies,Storage,4396.56
PROD1236,Product_236,Technology,Storage,2684.82
PROD1237,Product_237,Technology,Tables,1737.65
PROD1238,Product_238,Office Supplies,Binders,1118.65
PROD1239,Product_239,Technology,Tables,4021.59
PROD1240,Product_240,Office Supplies,Phones,3160.14
PROD1241,Product_241,Technology,Tables,2393.52
PROD1242,Product_242,Furniture,Phones,1165.67
PROD1243,Product_243,Furniture,Chairs,1737.81
PROD1244,Product_244,Technology,Storage,4803.23
PROD1245,Product_245,Furniture,Storage,2648.44
PROD1246,Product_246,Office Supplies,Binders,2063.43
PROD1247,Product_247,Technology,Tables,2654.97
PROD1248,Product_248,Office Supplies,Chairs,3917.04
PROD1249,Product_249,Furniture,Phones,1766.53
PROD1250,Product_250,Office Supplies,Binders,975.66
PROD1251,Product_251,Furniture,Chairs,2966.19
PROD1252,Product_252,Furniture,Chairs,3359.5
PROD1253,Product_253,Furniture,Phones,3592.32
PROD1254,Product_254,Office Supplies,Phones,4421.74
PROD1255,Product_255,Furniture,Storage,1918.75
PROD1256,Product_256,Technology,Tables,469.24
PROD1257,Product_257,Furniture,Binders,4795.91
PROD1258,Product_258,Technology,Tables,2231.56
PROD1259,Product_259,Technology,Binders,3153.96
PROD1260,Product_260,Technology,Chairs,3364.9
PROD1261,Product_261,Technology,Phones,2777.92
PROD1262,Product_262,Office Supplies,Phones,1105.76
PROD1263,Product_263,Technology,Chairs,3800.2
PROD1264,Product_264,Furniture,Chairs,4038.38
PROD1265,Product_265,Technology,Binders,2809.58
PROD1266,Product_266,Furniture,Chairs,2493.95
PROD1267,Product_267,Office Supplies,Binders,658.3
PROD1268,Product_268,Technology,Tables,511.36
PROD1269,Product_269,Furniture,Phones,1763.87
PROD1270,Product_270,Office Supplies,Phones,1623.15
PROD1271,Product_271,Office Supplies,Phones,4772.92
PROD1272,Product_272,Furniture,Tables,3939.75
PROD1273,Product_273,Technology,Tables,3333.63
PROD1274,Product_274,Office Supplies,Storage,2636.48
PROD1275,Product_275,Furniture,Binders,920.1
PROD1276,Product_276,Technology,Binders,4894.44
PROD1277,Product_277,Office Supplies,Storage,1937.7
PROD1278,Product_278,Furniture,Phones,623.94
PROD1279,Product_279,Office Supplies,Binders,2519.61
PROD1280,Product_280,Office Supplies,Binders,4382.59
PROD1281,Product_281,Furniture,Phones,4447.73
PROD1282,Product_282,Office Supplies,Chairs,153.73
PROD1283,Product_283,Furniture,Chairs,4442.85
PROD1284,Product_284,Technology,Storage,1430.27
PROD1285,Product_285,Furniture,Tables,290.96
PROD1286,Product_286,Technology,Binders,4254.17
PROD1287,Product_287,Office Supplies,Binders,4332.95
PROD1288,Product_288,Furniture,Storage,3021.53
PROD1289,Product_289,Furniture,Storage,2914.73
PROD1290,Product_290,Furniture,Binders,4084.29
PROD1291,Product_291,Furniture,Phones,3952.92
PROD1292,Product_292,Technology,Phones,4461.52
PROD1293,Product_293,Technology,Tables,2808.46
PROD1294,Product_294,Office Supplies,Binders,4841.47
PROD1295,Product_295,Office Supplies,Binders,4981.12
PROD1296,Product_296,Office Supplies,Binders,671.07
PROD1297,Product_297,Office Supplies,Binders,4262.76
PROD1298,Product_298,Furniture,Storage,2549.13
PROD1299,Product_299,Technology,Chairs,1999.08
PROD1300,Product_300,Technology,Binders,3104.05
PROD1301,Product_301,Technology,Chairs,374.23
PROD1302,Product_302,Technology,Phones,2581.66
PROD1303,Product_303,Office Supplies,Tables,4367.36
PROD1304,Product_304,Furniture,Phones,1145.96
PROD1305,Product_305,Technology,Binders,2189.31
PROD1306,Product_306,Furniture,Phones,4703.46
PROD1307,Product_307,Furniture,Storage,2199.96
PROD1308,Product_308,Furniture,Chairs,1856.0
PROD1309,Product_309,Furniture,Binders,2258.63
PROD1310,Product_310,Technology,Storage,2645.32
PROD1311,Product_311,Technology,Chairs,3196.76
PROD1312,Product_312,Technology,Storage,4023.39
PROD1313,Product_313,Office Supplies,Phones,2315.3
PROD1314,Product_314,Technology,Binders,4105.66
PROD1315,Product_315,Office Supplies,Phones,2715.23
PROD1316,Product_316,Office Supplies,Tables,1758.55
PROD1317,Product_317,Office Supplies,Binders,3323.96
PROD1318,Product_318,Technology,Phones,3616.84
PROD1319,Product_319,Technology,Binders,2834.44
PROD1320,Product_320,Technology,Chairs,377.41
PROD1321,Product_321,Office Supplies,Binders,932.43
PROD1322,Product_322,Office Supplies,Binders,1497.96
PROD1323,Product_323,Furniture,Chairs,1484.87
PROD1324,Product_324,Office Supplies,Phones,3399.76
PROD1325,Product_325,Office Supplies,Binders,189.91
PROD1326,Product_326,Technology,Storage,3802.84
PROD1327,Product_327,Furniture,Binders,1400.18
PROD1328,Product_328,Furniture,Phones,1619.11
PROD1329,Product_329,Furniture,Chairs,2686.76
PROD1330,Product_330,Technology,Phones,1158.04
PROD1331,Product_331,Furniture,Tables,4433.91
PROD1332,Product_332,Furniture,Binders,518.31
PROD1333,Product_333,Technology,Binders,2277.47
PROD1334,Product_334,Furniture,Chairs,4262.17
PROD1335,Product_335,Office Supplies,Binders,3117.64
PROD1336,Product_336,Office Supplies,Storage,1532.41
PROD1337,Product_337,Office Supplies,Storage,2161.73
PROD1338,Product_338,Office Supplies,Phones,3562.8
PROD1339,Product_339,Office Supplies,Chairs,4868.98
PROD1340,Product_340,Office Supplies,Tables,4476.38
PROD1341,Product_341,Office Supplies,Phones,1777.92
PROD1342,Product_342,Office Supplies,Chairs,4991.17
PROD1343,Product_343,Office Supplies,Chairs,117.17
PROD1344,Product_344,Technology,Phones,235.39
PROD1345,Product_345,Technology,Phones,4136.82
PROD1346,Product_346,Office Supplies,Binders,1077.37
PROD1347,Product_347,Technology,Tables,397.77
PROD1348,Product_348,Technology,Storage,1262.03
PROD1349,Product_349,Office Supplies,Binders,2187.89
PROD1350,Product_350,Office Supplies,Chairs,3679.77
PROD1351,Product_351,Technology,Tables,3159.24
PROD1352,Product_352,Office Supplies,Tables,1264.34
PROD1353,Product_353,Office Supplies,Phones,2566.03
PROD1354,Product_354,Office Supplies,Tables,4638.45
PROD1355,Product_355,Office Supplies,Tables,4093.54
PROD1356,Product_356,Technology,Chairs,1683.63
PROD1357,Product_357,Furniture,Binders,4913.1
PROD1358,Product_358,Technology,Tables,3572.24
PROD1359,Product_359,Furniture,Phones,406.0
PROD1360,Product_360,Furniture,Binders,272.29
PROD1361,Product_361,Furniture,Phones,925.2
PROD1362,Product_362,Technology,Tables,3666.49
PROD1363,Product_363,Technology,Binders,1000.32
PROD1364,Product_364,Technology,Tables,2606.29
PROD1365,Product_365,Technology,Chairs,556.97
PROD1366,Product_366,Technology,Binders,4612.34
PROD1367,Product_367,Furniture,Phones,1785.41
PROD1368,Product_368,Technology,Chairs,4549.85
PROD1369,Product_369,Furniture,Storage,4729.89
PROD1370,Product_370,Technology,Phones,130.03
PROD1371,Product_371,Technology,Tables,2374.26
PROD1372,Product_372,Office Supplies,Phones,220.81
PROD1373,Product_373,Furniture,Storage,4552.59
PROD1374,Product_374,Technology,Phones,2640.2
PROD1375,Product_375,Technology,Chairs,467.23
PROD1376,Product_376,Technology,Phones,640.36
PROD1377,Product_377,Office Supplies,Binders,1979.19
PROD1378,Product_378,Furniture,Storage,4707.15
PROD1379,Product_379,Technology,Phones,3495.25
PROD1380,Product_380,Technology,Storage,4351.33
PROD1381,Product_381,Technology,Chairs,1895.64
PROD1382,Product_382,Office Supplies,Binders,311.75
PROD1383,Product_383,Technology,Tables,4874.16
PROD1384,Product_384,Furniture,Phones,184.15
PROD1385,Product_385,Furniture,Chairs,4743.49
PROD1386,Product_386,Furniture,Storage,1906.52
PROD1387,Product_387,Furniture,Storage,149.44
PROD1388,Product_388,Technology,Chairs,3476.87
PROD1389,Product_389,Office Supplies,Phones,4904.65
PROD1390,Product_390,Office Supplies,Tables,4831.57
PROD1391,Product_391,Office Supplies,Phones,888.59
PROD1392,Product_392,Technology,Binders,988.11
PROD1393,Product_393,Office Supplies,Phones,2871.14
PROD1394,Product_394,Furniture,Binders,3222.79
PROD1395,Product_395,Technology,Storage,3723.15
PROD1396,Product_396,Office Supplies,Binders,987.15
PROD1397,Product_397,Furniture,Tables,4799.13
PROD1398,Product_398,Furniture,Chairs,3229.82
PROD1399,Product_399,Technology,Binders,4250.53
PROD1400,Product_400,Technology,Phones,2746.32
PROD1401,Product_401,Office Supplies,Binders,2129.96
PROD1402,Product_402,Office Supplies,Storage,4888.2
PROD1403,Product_403,Office Supplies,Binders,2952.39
PROD1404,Product_404,Technology,Tables,4347.68
PROD1405,Product_405,Office Supplies,Binders,4771.13
PROD1406,Product_406,Office Supplies,Tables,3409.24
PROD1407,Product_407,Furniture,Phones,2789.8
PROD1408,Product_408,Furniture,Storage,117.2
PROD1409,Product_409,Furniture,Chairs,296.1
PROD1410,Product_410,Office Supplies,Phones,1084.17
PROD1411,Product_411,Technology,Phones,1011.44
PROD1412,Product_412,Furniture,Chairs,1348.32
PROD1413,Product_413,Technology,Binders,1594.18
PROD1414,Product_414,Office Supplies,Binders,1864.32
PROD1415,Product_415,Office Supplies,Binders,2160.63
PROD1416,Product_416,Furniture,Storage,584.45
PROD1417,Product_417,Technology,Phones,307.57
PROD1418,Product_418,Furniture,Tables,3402.33
PROD1419,Product_419,Office Supplies,Chairs,2732.94
PROD1420,Product_420,Technology,Phones,2276.31
PROD1421,Product_421,Furniture,Binders,3208.76
PROD1422,Product_422,Office Supplies,Chairs,4155.63
PROD1423,Product_423,Furniture,Tables,2195.7
PROD1424,Product_424,Technology,Phones,3241.49
PROD1425,Product_425,Technology,Phones,4772.5
PROD1426,Product_426,Technology,Storage,4214.16
PROD1427,Product_427,Technology,Phones,2187.4
PROD1428,Product_428,Technology,Phones,3259.11
PROD1429,Product_429,Furniture,Tables,967.65
PROD1430,Product_430,Furniture,Tables,2846.56
PROD1431,Product_431,Furniture,Chairs,4908.51
PROD1432,Product_432,Furniture,Binders,2639.74
PROD1433,Product_433,Office Supplies,Tables,4645.43
PROD1434,Product_434,Office Supplies,Chairs,2095.94
PROD1435,Product_435,Furniture,Phones,4994.34
PROD1436,Product_436,Office Supplies,Chairs,2938.18
PROD1437,Product_437,Office Supplies,Chairs,307.12
PROD1438,Product_438,Technology,Chairs,2975.1
PROD1439,Product_439,Furniture,Chairs,1445.41
PROD1440,Product_440,Office Supplies,Tables,259.16
PROD1441,Product_441,Office Supplies,Binders,4122.18
PROD1442,Product_442,Furniture,Chairs,1451.08
PROD1443,Product_443,Technology,Storage,4003.09
PROD1444,Product_444,Furniture,Phones,1512.27
PROD1445,Product_445,Technology,Phones,1052.2
PROD1446,Product_446,Office Supplies,Phones,4872.28
PROD1447,Product_447,Technology,Phones,1872.06
PROD1448,Product_448,Technology,Phones,3046.74
PROD1449,Product_449,Furniture,Chairs,3088.91
PROD1450,Product_450,Office Supplies,Binders,2846.32
PROD1451,Product_451,Furniture,Storage,4582.01
PROD1452,Product_452,Furniture,Tables,3404.76
PROD1453,Product_453,Office Supplies,Storage,2078.29
PROD1454,Product_454,Furniture,Tables,4325.66
PROD1455,Product_455,Furniture,Tables,987.21
PROD1456,Product_456,Technology,Storage,2766.76
PROD1457,Product_457,Furniture,Chairs,4757.7
PROD1458,Product_458,Office Supplies,Phones,3164.45
PROD1459,Product_459,Furniture,Chairs,4103.15
PROD1460,Product_460,Technology,Phones,3302.45
PROD1461,Product_461,Furniture,Binders,4212.92
PROD1462,Product_462,Furniture,Tables,4727.99
PROD1463,Product_463,Furniture,Storage,1437.32
PROD1464,Product_464,Technology,Binders,931.34
PROD1465,Product_465,Office Supplies,Phones,2471.55
PROD1466,Product_466,Office Supplies,Chairs,3539.13
PROD1467,Product_467,Technology,Storage,1213.24
PROD1468,Product_468,Technology,Tables,120.1
PROD1469,Product_469,Furniture,Binders,1780.38
PROD1470,Product_470,Office Supplies,Tables,4847.41
PROD1471,Product_471,Technology,Phones,3505.34
PROD1472,Product_472,Office Supplies,Tables,2066.49
PROD1473,Product_473,Furniture,Chairs,1043.62
PROD1474,Product_474,Technology,Binders,1844.84
PROD1475,Product_475,Office Supplies,Binders,932.21
PROD1476,Product_476,Office Supplies,Chairs,620.9
PROD1477,Product_477,Furniture,Tables,4543.04
PROD1478,Product_478,Technology,Chairs,4988.49
PROD1479,Product_479,Office Supplies,Storage,904.16
PROD1480,Product_480,Furniture,Chairs,367.16
PROD1481,Product_481,Office Supplies,Tables,1715.68
PROD1482,Product_482,Furniture,Chairs,2362.13
PROD1483,Product_483,Office Supplies,Phones,1103.62
PROD1484,Product_484,Office Supplies,Chairs,1576.98
PROD1485,Product_485,Furniture,Chairs,1084.27
PROD1486,Product_486,Technology,Tables,3893.88
PROD1487,Product_487,Furniture,Storage,3591.63
PROD1488,Product_488,Technology,Storage,3211.26
PROD1489,Product_489,Office Supplies,Tables,1997.37
PROD1490,Product_490,Office Supplies,Tables,4554.3
PROD1491,Product_491,Furniture,Tables,4850.71
PROD1492,Product_492,Furniture,Phones,950.83
PROD1493,Product_493,Technology,Binders,1192.76
PROD1494,Product_494,Technology,Chairs,2675.59
PROD1495,Product_495,Technology,Tables,547.13
PROD1496,Product_496,Furniture,Tables,2238.6
PROD1497,Product_497,Office Supplies,Tables,2950.78
PROD1498,Product_498,Furniture,Storage,2658.16
PROD1499,Product_499,Office Supplies,Tables,1721.45
PROD1500,Product_500,Furniture,Chairs,2757.98
PROD1501,Product_501,Furniture,Tables,4798.12
PROD1502,Product_502,Technology,Chairs,1109.49
PROD1503,Product_503,Office Supplies,Phones,3308.67
PROD1504,Product_504,Furniture,Binders,312.64
PROD1505,Product_505,Furniture,Storage,425.44
PROD1506,Product_506,Office Supplies,Chairs,2803.96
PROD1507,Product_507,Furniture,Phones,614.2
PROD1508,Product_508,Office Supplies,Binders,209.5
PROD1509,Product_509,Technology,Binders,940.41
PROD1510,Product_510,Technology,Binders,2867.76
PROD1511,Product_511,Office Supplies,Chairs,3546.37
PROD1512,Product_512,Technology,Phones,1092.14
PROD1513,Product_513,Office Supplies,Tables,3374.47
PROD1514,Product_514,Furniture,Phones,994.13
PROD1515,Product_515,Furniture,Phones,3105.94
PROD1516,Product_516,Office Supplies,Phones,2118.6
PROD1517,Product_517,Furniture,Chairs,3303.62
PROD1518,Product_518,Technology,Chairs,4975.76
PROD1519,Product_519,Furniture,Chairs,4695.3
PROD1520,Product_520,Furniture,Phones,120.98
PROD1521,Product_521,Office Supplies,Chairs,4438.65
PROD1522,Product_522,Technology,Binders,425.8
PROD1523,Product_523,Furniture,Chairs,4769.93
PROD1524,Product_524,Furniture,Storage,1480.95
PROD1525,Product_525,Office Supplies,Chairs,1971.97
PROD1526,Product_526,Office Supplies,Chairs,549.03
PROD1527,Product_527,Technology,Chairs,650.14
PROD1528,Product_528,Furniture,Chairs,3661.03
PROD1529,Product_529,Office Supplies,Storage,4727.23
PROD1530,Product_530,Office Supplies,Tables,3092.67
PROD1531,Product_531,Office Supplies,Chairs,3607.67
PROD1532,Product_532,Technology,Binders,3833.65
PROD1533,Product_533,Office Supplies,Storage,1387.79
PROD1534,Product_534,Technology,Tables,321.63
PROD1535,Product_535,Technology,Chairs,109.18
PROD1536,Product_536,Furniture,Tables,1818.18
PROD1537,Product_537,Furniture,Binders,1283.17
PROD1538,Product_538,Technology,Storage,405.36
PROD1539,Product_539,Furniture,Storage,979.69
PROD1540,Product_540,Furniture,Tables,710.04
PROD1541,Product_541,Office Supplies,Chairs,4582.9
PROD1542,Product_542,Furniture,Phones,787.31
PROD1543,Product_543,Technology,Storage,2734.48
PROD1544,Product_544,Furniture,Phones,3006.22
PROD1545,Product_545,Office Supplies,Storage,2763.1
PROD1546,Product_546,Technology,Chairs,585.38
PROD1547,Product_547,Furniture,Chairs,1662.11
PROD1548,Product_548,Technology,Storage,351.22
PROD1549,Product_549,Furniture,Tables,2038.78
PROD1550,Product_550,Office Supplies,Chairs,1024.13
PROD1551,Product_551,Furniture,Chairs,2852.0
PROD1552,Product_552,Technology,Binders,3494.76
PROD1553,Product_553,Technology,Chairs,2707.39
PROD1554,Product_554,Technology,Binders,2227.76
PROD1555,Product_555,Furniture,Chairs,1997.93
PROD1556,Product_556,Furniture,Chairs,4224.29
PROD1557,Product_557,Furniture,Tables,1174.9
PROD1558,Product_558,Office Supplies,Tables,3697.67
PROD1559,Product_559,Office Supplies,Chairs,3811.66
PROD1560,Product_560,Office Supplies,Storage,2154.08
PROD1561,Product_561,Technology,Storage,1556.77
PROD1562,Product_562,Technology,Chairs,2405.65
PROD1563,Product_563,Technology,Storage,556.75
PROD1564,Product_564,Technology,Chairs,325.06
PROD1565,Product_565,Technology,Tables,646.86
PROD1566,Product_566,Furniture,Phones,1017.01
PROD1567,Product_567,Technology,Binders,2570.47
PROD1568,Product_568,Furniture,Storage,4260.77
PROD1569,Product_569,Office Supplies,Storage,1254.65
PROD1570,Product_570,Office Supplies,Tables,4682.29
PROD1571,Product_571,Office Supplies,Storage,4779.05
PROD1572,Product_572,Office Supplies,Chairs,4798.63
PROD1573,Product_573,Office Supplies,Chairs,4204.06
PROD1574,Product_574,Technology,Phones,1882.74
PROD1575,Product_575,Technology,Phones,456.15
PROD1576,Product_576,Technology,Phones,2887.21
PROD1577,Product_577,Office Supplies,Chairs,2837.54
PROD1578,Product_578,Office Supplies,Phones,4264.88
PROD1579,Product_579,Furniture,Phones,4980.36
PROD1580,Product_580,Technology,Chairs,2589.97
PROD1581,Product_581,Office Supplies,Tables,1791.5
PROD1582,Product_582,Office Supplies,Storage,1010.92
PROD1583,Product_583,Office Supplies,Binders,123.52
PROD1584,Product_584,Furniture,Chairs,2594.66
PROD1585,Product_585,Office Supplies,Chairs,2822.04
PROD1586,Product_586,Furniture,Binders,4142.2
PROD1587,Product_587,Furniture,Binders,2572.43
PROD1588,Product_588,Technology,Phones,4590.69
PROD1589,Product_589,Office Supplies,Binders,3177.61
PROD1590,Product_590,Furniture,Storage,4217.65
PROD1591,Product_591,Office Supplies,Storage,826.68
PROD1592,Product_592,Technology,Storage,4291.15
PROD1593,Product_593,Technology,Storage,3408.2
PROD1594,Product_594,Furniture,Storage,934.14
PROD1595,Product_595,Technology,Phones,1029.84
PROD1596,Product_596,Technology,Chairs,4639.85
PROD1597,Product_597,Technology,Binders,257.86
PROD1598,Product_598,Office Supplies,Chairs,2366.42
PROD1599,Product_599,Office Supplies,Binders,1636.03
PROD1600,Product_600,Furniture,Phones,3358.88
PROD1601,Product_601,Furniture,Phones,4214.18
PROD1602,Product_602,Technology,Tables,1865.85
PROD1603,Product_603,Technology,Tables,2191.82
PROD1604,Product_604,Furniture,Phones,4911.4
PROD1605,Product_605,Technology,Phones,3941.19
PROD1606,Product_606,Furniture,Binders,4496.3
PROD1607,Product_607,Office Supplies,Phones,2249.93
PROD1608,Product_608,Technology,Chairs,1246.97
PROD1609,Product_609,Technology,Binders,2118.13
PROD1610,Product_610,Technology,Phones,3608.85
PROD1611,Product_611,Office Supplies,Binders,636.21
PROD1612,Product_612,Office Supplies,Binders,1425.3
PROD1613,Product_613,Technology,Storage,328.52
PROD1614,Product_614,Furniture,Tables,2218.5
PROD1615,Product_615,Office Supplies,Binders,4154.48
PROD1616,Product_616,Technology,Binders,220.85
PROD1617,Product_617,Technology,Storage,3409.09
PROD1618,Product_618,Office Supplies,Phones,4669.23
PROD1619,Product_619,Furniture,Binders,1260.95
PROD1620,Product_620,Technology,Storage,3498.81
PROD1621,Product_621,Furniture,Chairs,4878.0
PROD1622,Product_622,Furniture,Storage,4815.16
PROD1623,Product_623,Office Supplies,Tables,1251.15
PROD1624,Product_624,Technology,Tables,591.62
PROD1625,Product_625,Technology,Phones,826.58
PROD1626,Product_626,Furniture,Phones,3539.97
PROD1627,Product_627,Office Supplies,Tables,3656.22
PROD1628,Product_628,Office Supplies,Tables,3403.76
PROD1629,Product_629,Office Supplies,Binders,1746.78
PROD1630,Product_630,Furniture,Tables,931.91
PROD1631,Product_631,Furniture,Phones,2945.73
PROD1632,Product_632,Technology,Tables,2470.03
PROD1633,Product_633,Office Supplies,Phones,3671.29
PROD1634,Product_634,Furniture,Chairs,2262.66
PROD1635,Product_635,Office Supplies,Tables,1759.33
PROD1636,Product_636,Furniture,Phones,1538.05
PROD1637,Product_637,Technology,Storage,1136.2
PROD1638,Product_638,Office Supplies,Binders,1402.16
PROD1639,Product_639,Furniture,Phones,564.67
PROD1640,Product_640,Office Supplies,Tables,1799.6
PROD1641,Product_641,Furniture,Tables,279.19
PROD1642,Product_642,Furniture,Chairs,1013.43
PROD1643,Product_643,Furniture,Storage,3759.18
PROD1644,Product_644,Office Supplies,Phones,1694.8
PROD1645,Product_645,Furniture,Storage,3374.36
PROD1646,Product_646,Technology,Chairs,3612.73
PROD1647,Product_647,Office Supplies,Binders,2947.81
PROD1648,Product_648,Technology,Storage,4797.62
PROD1649,Product_649,Technology,Chairs,205.06
PROD1650,Product_650,Office Supplies,Phones,3719.4
PROD1651,Product_651,Furniture,Binders,4798.05
PROD1652,Product_652,Technology,Tables,4325.13
PROD1653,Product_653,Office Supplies,Chairs,922.67
PROD1654,Product_654,Furniture,Tables,1701.42
PROD1655,Product_655,Office Supplies,Binders,945.01
PROD1656,Product_656,Office Supplies,Chairs,3046.41
PROD1657,Product_657,Office Supplies,Chairs,3589.72
PROD1658,Product_658,Furniture,Binders,1653.66
PROD1659,Product_659,Technology,Phones,2743.58
PROD1660,Product_660,Technology,Chairs,3485.51
PROD1661,Product_661,Office Supplies,Binders,2164.57
PROD1662,Product_662,Office Supplies,Storage,4284.68
PROD1663,Product_663,Furniture,Tables,3880.59
PROD1664,Product_664,Office Supplies,Chairs,416.86
PROD1665,Product_665,Office Supplies,Storage,3143.51
PROD1666,Product_666,Office Supplies,Chairs,1253.1
PROD1667,Product_667,Technology,Phones,2831.84
PROD1668,Product_668,Office Supplies,Binders,4788.75
PROD1669,Product_669,Technology,Chairs,4407.4
PROD1670,Product_670,Furniture,Binders,2082.13
PROD1671,Product_671,Furniture,Chairs,1528.42
PROD1672,Product_672,Technology,Phones,1248.59
PROD1673,Product_673,Technology,Phones,2709.32
PROD1674,Product_674,Technology,Storage,659.82
PROD1675,Product_675,Technology,Phones,2791.45
PROD1676,Product_676,Office Supplies,Binders,106.53
PROD1677,Product_677,Technology,Phones,1686.86
PROD1678,Product_678,Technology,Chairs,1177.68
PROD1679,Product_679,Technology,Phones,4858.97
PROD1680,Product_680,Office Supplies,Binders,3663.49
PROD1681,Product_681,Office Supplies,Chairs,1813.3
PROD1682,Product_682,Office Supplies,Storage,554.94
PROD1683,Product_683,Furniture,Storage,2632.32
PROD1684,Product_684,Office Supplies,Storage,1145.89
PROD1685,Product_685,Technology,Chairs,2728.5
PROD1686,Product_686,Office Supplies,Storage,4193.28
PROD1687,Product_687,Office Supplies,Phones,3117.38
PROD1688,Product_688,Technology,Chairs,3205.56
PROD1689,Product_689,Office Supplies,Chairs,2751.05
PROD1690,Product_690,Furniture,Chairs,4643.6
PROD1691,Product_691,Office Supplies,Tables,4666.32
PROD1692,Product_692,Furniture,Binders,2612.34
PROD1693,Product_693,Furniture,Tables,1598.22
PROD1694,Product_694,Furniture,Tables,2351.98
PROD1695,Product_695,Technology,Tables,1014.13
PROD1696,Product_696,Office Supplies,Binders,3218.09
PROD1697,Product_697,Furniture,Tables,2550.45
PROD1698,Product_698,Furniture,Storage,606.17
PROD1699,Product_699,Office Supplies,Chairs,1068.47
PROD1700,Product_700,Technology,Chairs,2450.2
PROD1701,Product_701,Technology,Phones,4449.19
PROD1702,Product_702,Furniture,Storage,2875.31
PROD1703,Product_703,Technology,Binders,3439.52
PROD1704,Product_704,Office Supplies,Chairs,1761.24
PROD1705,Product_705,Technology,Tables,2899.92
PROD1706,Product_706,Office Supplies,Phones,2292.16
PROD1707,Product_707,Furniture,Phones,3329.74
PROD1708,Product_708,Office Supplies,Chairs,347.82
PROD1709,Product_709,Furniture,Storage,2517.17
PROD1710,Product_710,Office Supplies,Phones,1550.36
PROD1711,Product_711,Office Supplies,Chairs,1698.31
PROD1712,Product_712,Technology,Storage,4808.5
PROD1713,Product_713,Office Supplies,Chairs,995.2
PROD1714,Product_714,Furniture,Chairs,1625.1
PROD1715,Product_715,Office Supplies,Storage,2598.47
PROD1716,Product_716,Furniture,Storage,4328.83
PROD1717,Product_717,Furniture,Storage,2141.68
PROD1718,Product_718,Office Supplies,Chairs,3744.94
PROD1719,Product_719,Technology,Phones,4296.23
PROD1720,Product_720,Office Supplies,Binders,1619.08
PROD1721,Product_721,Office Supplies,Binders,2024.48
PROD1722,Product_722,Technology,Chairs,1847.13
PROD1723,Product_723,Furniture,Chairs,4180.99
PROD1724,Product_724,Office Supplies,Phones,317.3
PROD1725,Product_725,Technology,Storage,1611.26
PROD1726,Product_726,Technology,Chairs,3429.1
PROD1727,Product_727,Furniture,Tables,2870.67
PROD1728,Product_728,Technology,Storage,2237.82
PROD1729,Product_729,Furniture,Chairs,2745.75
PROD1730,Product_730,Office Supplies,Tables,1068.16
PROD1731,Product_731,Technology,Phones,2210.51
PROD1732,Product_732,Office Supplies,Tables,2558.34
PROD1733,Product_733,Technology,Chairs,4515.83
PROD1734,Product_734,Technology,Binders,1378.09
PROD1735,Product_735,Office Supplies,Chairs,4352.36
PROD1736,Product_736,Technology,Binders,3256.78
PROD1737,Product_737,Office Supplies,Phones,199.67
PROD1738,Product_738,Office Supplies,Phones,3650.69
PROD1739,Product_739,Furniture,Storage,274.2
PROD1740,Product_740,Office Supplies,Storage,4987.17
PROD1741,Product_741,Furniture,Binders,4375.92
PROD1742,Product_742,Office Supplies,Binders,1556.98
PROD1743,Product_743,Technology,Phones,1361.32
PROD1744,Product_744,Office Supplies,Tables,1969.06
PROD1745,Product_745,Technology,Binders,1845.22
PROD1746,Product_746,Furniture,Binders,1924.46
PROD1747,Product_747,Technology,Tables,1659.56
PROD1748,Product_748,Office Supplies,Storage,3143.55
PROD1749,Product_749,Technology,Storage,904.89
PROD1750,Product_750,Furniture,Binders,4245.31
PROD1751,Product_751,Technology,Storage,4080.77
PROD1752,Product_752,Technology,Storage,2434.77
PROD1753,Product_753,Office Supplies,Storage,4278.38
PROD1754,Product_754,Office Supplies,Phones,1311.01
PROD1755,Product_755,Technology,Chairs,186.07
PROD1756,Product_756,Furniture,Binders,3134.12
PROD1757,Product_757,Technology,Binders,2343.76
PROD1758,Product_758,Furniture,Phones,2879.11
PROD1759,Product_759,Furniture,Chairs,4506.76
PROD1760,Product_760,Furniture,Chairs,4852.64
PROD1761,Product_761,Technology,Phones,3208.82
PROD1762,Product_762,Furniture,Tables,3843.87
PROD1763,Product_763,Technology,Tables,510.66
PROD1764,Product_764,Furniture,Chairs,887.51
PROD1765,Product_765,Furniture,Tables,3692.7
PROD1766,Product_766,Technology,Tables,2213.69
PROD1767,Product_767,Office Supplies,Tables,2285.23
PROD1768,Product_768,Office Supplies,Chairs,1612.18
PROD1769,Product_769,Technology,Tables,3076.05
PROD1770,Product_770,Technology,Binders,1007.31
PROD1771,Product_771,Office Supplies,Chairs,3171.89
PROD1772,Product_772,Office Supplies,Phones,951.61
PROD1773,Product_773,Office Supplies,Tables,412.75
PROD1774,Product_774,Technology,Storage,1718.75
PROD1775,Product_775,Furniture,Chairs,1232.59
PROD1776,Product_776,Technology,Phones,4456.06
PROD1777,Product_777,Office Supplies,Binders,369.27
PROD1778,Product_778,Furniture,Phones,965.41
PROD1779,Product_779,Technology,Tables,2788.73
PROD1780,Product_780,Office Supplies,Storage,2457.23
PROD1781,Product_781,Technology,Tables,324.67
PROD1782,Product_782,Furniture,Phones,135.54
PROD1783,Product_783,Office Supplies,Chairs,4941.53
PROD1784,Product_784,Technology,Storage,3328.29
PROD1785,Product_785,Furniture,Storage,1890.49
PROD1786,Product_786,Furniture,Phones,2405.12
PROD1787,Product_787,Technology,Tables,1406.1
PROD1788,Product_788,Furniture,Phones,1789.88
PROD1789,Product_789,Office Supplies,Storage,3280.32
PROD1790,Product_790,Furniture,Phones,4425.78
PROD1791,Product_791,Technology,Storage,1002.24
PROD1792,Product_792,Office Supplies,Tables,4217.77
PROD1793,Product_793,Furniture,Chairs,695.63
PROD1794,Product_794,Furniture,Chairs,1153.46
PROD1795,Product_795,Office Supplies,Phones,282.16
PROD1796,Product_796,Office Supplies,Storage,789.98
PROD1797,Product_797,Furniture,Chairs,4594.79
PROD1798,Product_798,Office Supplies,Storage,2351.25
PROD1799,Product_799,Technology,Tables,480.56
PROD1800,Product_800,Furniture,Phones,4802.66
PROD1801,Product_801,Technology,Storage,4407.06
PROD1802,Product_802,Furniture,Phones,3797.94
PROD1803,Product_803,Technology,Storage,4674.02
PROD1804,Product_804,Technology,Storage,1178.63
PROD1805,Product_805,Office Supplies,Tables,4198.21
PROD1806,Product_806,Furniture,Phones,3480.96
PROD1807,Product_807,Office Supplies,Binders,4361.82
PROD1808,Product_808,Office Supplies,Storage,4004.87
PROD1809,Product_809,Furniture,Storage,1797.83
PROD1810,Product_810,Technology,Chairs,3894.55
PROD1811,Product_811,Furniture,Phones,1386.04
PROD1812,Product_812,Furniture,Binders,1710.1
PROD1813,Product_813,Furniture,Tables,628.74
PROD1814,Product_814,Office Supplies,Binders,4681.88
PROD1815,Product_815,Furniture,Tables,1525.92
PROD1816,Product_816,Furniture,Binders,2651.05
PROD1817,Product_817,Furniture,Binders,2017.53
PROD1818,Product_818,Technology,Phones,4803.65
PROD1819,Product_819,Technology,Chairs,1741.74
PROD1820,Product_820,Technology,Binders,3914.87
PROD1821,Product_821,Technology,Storage,4291.54
PROD1822,Product_822,Office Supplies,Storage,2234.47
PROD1823,Product_823,Office Supplies,Storage,1953.04
PROD1824,Product_824,Furniture,Chairs,3763.95
PROD1825,Product_825,Office Supplies,Binders,4573.19
PROD1826,Product_826,Technology,Tables,3799.17
PROD1827,Product_827,Furniture,Tables,1212.92
PROD1828,Product_828,Furniture,Phones,4452.71
PROD1829,Product_829,Technology,Chairs,1999.15
PROD1830,Product_830,Technology,Binders,2923.52
PROD1831,Product_831,Technology,Storage,4174.03
PROD1832,Product_832,Office Supplies,Chairs,1023.13
PROD1833,Product_833,Furniture,Chairs,3944.1
PROD1834,Product_834,Technology,Binders,3021.2
PROD1835,Product_835,Furniture,Phones,4477.37
PROD1836,Product_836,Furniture,Phones,942.65
PROD1837,Product_837,Office Supplies,Phones,2161.34
PROD1838,Product_838,Furniture,Storage,4180.93
PROD1839,Product_839,Technology,Storage,194.24
PROD1840,Product_840,Technology,Binders,649.79
PROD1841,Product_841,Furniture,Phones,4953.77
PROD1842,Product_842,Furniture,Binders,1473.93
PROD1843,Product_843,Office Supplies,Phones,4880.16
PROD1844,Product_844,Technology,Chairs,994.4
PROD1845,Product_845,Technology,Tables,1869.36
PROD1846,Product_846,Furniture,Tables,3789.06
PROD1847,Product_847,Furniture,Phones,3323.11
PROD1848,Product_848,Furniture,Binders,2947.5
PROD1849,Product_849,Technology,Storage,2696.51
PROD1850,Product_850,Furniture,Phones,4232.86
PROD1851,Product_851,Office Supplies,Phones,1251.25
PROD1852,Product_852,Office Supplies,Storage,2268.11
PROD1853,Product_853,Furniture,Phones,861.72
PROD1854,Product_854,Office Supplies,Chairs,3020.11
PROD1855,Product_855,Office Supplies,Storage,1327.67
PROD1856,Product_856,Office Supplies,Chairs,1735.83
PROD1857,Product_857,Office Supplies,Tables,2409.13
PROD1858,Product_858,Office Supplies,Storage,231.18
PROD1859,Product_859,Technology,Storage,550.5
PROD1860,Product_860,Furniture,Binders,3461.05
PROD1861,Product_861,Office Supplies,Binders,2201.95
PROD1862,Product_862,Furniture,Storage,4337.47
PROD1863,Product_863,Office Supplies,Tables,3503.89
PROD1864,Product_864,Technology,Phones,139.69
PROD1865,Product_865,Technology,Binders,3121.89
PROD1866,Product_866,Office Supplies,Tables,559.25
PROD1867,Product_867,Office Supplies,Tables,3926.57
PROD1868,Product_868,Office Supplies,Binders,4958.39
PROD1869,Product_869,Technology,Phones,2702.87
PROD1870,Product_870,Technology,Binders,3445.62
PROD1871,Product_871,Furniture,Tables,1262.84
PROD1872,Product_872,Technology,Chairs,2244.23
PROD1873,Product_873,Office Supplies,Binders,4294.87
PROD1874,Product_874,Furniture,Tables,920.37
PROD1875,Product_875,Technology,Binders,1401.12
PROD1876,Product_876,Technology,Tables,2282.63
PROD1877,Product_877,Office Supplies,Phones,3590.02
PROD1878,Product_878,Furniture,Tables,1941.83
PROD1879,Product_879,Technology,Storage,4645.89
PROD1880,Product_880,Technology,Chairs,562.84
PROD1881,Product_881,Office Supplies,Tables,1916.94
PROD1882,Product_882,Furniture,Binders,3573.88
PROD1883,Product_883,Furniture,Binders,1207.34
PROD1884,Product_884,Furniture,Tables,3316.42
PROD1885,Product_885,Furniture,Storage,904.66
PROD1886,Product_886,Office Supplies,Tables,374.3
PROD1887,Product_887,Technology,Phones,692.98
PROD1888,Product_888,Technology,Storage,4656.93
PROD1889,Product_889,Furniture,Tables,2803.58
PROD1890,Product_890,Furniture,Chairs,4002.09
PROD1891,Product_891,Furniture,Storage,1730.01
PROD1892,Product_892,Technology,Tables,3004.03
PROD1893,Product_893,Technology,Chairs,2525.27
PROD1894,Product_894,Furniture,Tables,4734.12
PROD1895,Product_895,Office Supplies,Phones,3763.12
PROD1896,Product_896,Technology,Binders,3679.66
PROD1897,Product_897,Technology,Tables,327.13
PROD1898,Product_898,Furniture,Storage,2793.38
PROD1899,Product_899,Office Supplies,Tables,2388.26
PROD1900,Product_900,Furniture,Tables,4646.43
PROD1901,Product_901,Furniture,Tables,1360.98
PROD1902,Product_902,Office Supplies,Tables,1422.18
PROD1903,Product_903,Office Supplies,Storage,2115.6
PROD1904,Product_904,Office Supplies,Storage,1292.51
PROD1905,Product_905,Technology,Tables,733.0
PROD1906,Product_906,Furniture,Binders,4301.33
PROD1907,Product_907,Technology,Tables,2835.55
PROD1908,Product_908,Office Supplies,Storage,4320.68
PROD1909,Product_909,Technology,Phones,4172.56
PROD1910,Product_910,Office Supplies,Tables,1482.01
PROD1911,Product_911,Office Supplies,Tables,2783.91
PROD1912,Product_912,Furniture,Tables,507.77
PROD1913,Product_913,Furniture,Tables,4584.73
PROD1914,Product_914,Furniture,Chairs,2080.89
PROD1915,Product_915,Technology,Tables,2029.01
PROD1916,Product_916,Furniture,Storage,1583.5
PROD1917,Product_917,Office Supplies,Storage,2357.25
PROD1918,Product_918,Furniture,Chairs,1333.62
PROD1919,Product_919,Technology,Tables,1936.78
PROD1920,Product_920,Furniture,Binders,4019.74
PROD1921,Product_921,Furniture,Tables,4187.85
PROD1922,Product_922,Furniture,Storage,1590.49
PROD1923,Product_923,Technology,Phones,2398.17
PROD1924,Product_924,Office Supplies,Phones,4381.72
PROD1925,Product_925,Office Supplies,Binders,358.1
PROD1926,Product_926,Office Supplies,Tables,4456.81
PROD1927,Product_927,Furniture,Chairs,1174.0
PROD1928,Product_928,Furniture,Tables,3424.84
PROD1929,Product_929,Technology,Binders,2954.5
PROD1930,Product_930,Office Supplies,Binders,2809.41
PROD1931,Product_931,Furniture,Binders,4310.87
PROD1932,Product_932,Furniture,Phones,597.7
PROD1933,Product_933,Furniture,Tables,1800.44
PROD1934,Product_934,Technology,Tables,2737.44
PROD1935,Product_935,Office Supplies,Chairs,4075.32
PROD1936,Product_936,Technology,Binders,1160.57
PROD1937,Product_937,Office Supplies,Binders,4034.36
PROD1938,Product_938,Office Supplies,Storage,2058.23
PROD1939,Product_939,Furniture,Storage,1025.68
PROD1940,Product_940,Furniture,Phones,3819.03
PROD1941,Product_941,Furniture,Tables,545.4
PROD1942,Product_942,Furniture,Chairs,2622.36
PROD1943,Product_943,Furniture,Chairs,412.99
PROD1944,Product_944,Office Supplies,Binders,1846.45
PROD1945,Product_945,Furniture,Chairs,3045.28
PROD1946,Product_946,Furniture,Binders,2824.97
PROD1947,Product_947,Technology,Tables,2082.81
PROD1948,Product_948,Technology,Chairs,2202.34
PROD1949,Product_949,Office Supplies,Binders,1211.17
PROD1950,Product_950,Office Supplies,Tables,2333.82
PROD1951,Product_951,Technology,Tables,4770.95
PROD1952,Product_952,Technology,Binders,4267.22
PROD1953,Product_953,Furniture,Binders,811.64
PROD1954,Product_954,Furniture,Phones,245.93
PROD1955,Product_955,Office Supplies,Tables,4674.27
PROD1956,Product_956,Technology,Binders,2681.07
PROD1957,Product_957,Office Supplies,Tables,2735.41
PROD1958,Product_958,Furniture,Chairs,3925.52
PROD1959,Product_959,Office Supplies,Storage,1641.98
PROD1960,Product_960,Office Supplies,Storage,2461.35
PROD1961,Product_961,Office Supplies,Binders,4846.45
PROD1962,Product_962,Furniture,Binders,3393.53
PROD1963,Product_963,Office Supplies,Tables,853.35
PROD1964,Product_964,Furniture,Binders,752.81
PROD1965,Product_965,Technology,Tables,1100.9
PROD1966,Product_966,Office Supplies,Binders,3856.89
PROD1967,Product_967,Office Supplies,Tables,1547.35
PROD1968,Product_968,Furniture,Binders,204.81
PROD1969,Product_969,Office Supplies,Phones,4726.45
PROD1970,Product_970,Furniture,Tables,931.6
PROD1971,Product_971,Office Supplies,Phones,146.84
PROD1972,Product_972,Technology,Phones,1261.94
PROD1973,Product_973,Technology,Phones,1251.64
PROD1974,Product_974,Technology,Phones,2167.83
PROD1975,Product_975,Office Supplies,Chairs,4609.91
PROD1976,Product_976,Office Supplies,Storage,4408.01
PROD1977,Product_977,Technology,Chairs,2338.78
PROD1978,Product_978,Technology,Binders,2113.41
PROD1979,Product_979,Furniture,Binders,2819.54
PROD1980,Product_980,Furniture,Storage,1292.92
PROD1981,Product_981,Technology,Storage,355.71
PROD1982,Product_982,Technology,Storage,4702.2
PROD1983,Product_983,Office Supplies,Phones,1014.83
PROD1984,Product_984,Technology,Chairs,1072.16
PROD1985,Product_985,Furniture,Binders,2415.06
PROD1986,Product_986,Furniture,Chairs,2508.91
PROD1987,Product_987,Furniture,Chairs,190.33
PROD1988,Product_988,Furniture,Chairs,824.98
PROD1989,Product_989,Furniture,Storage,1952.96
PROD1990,Product_990,Furniture,Storage,3450.28
PROD1991,Product_991,Technology,Binders,1219.25
PROD1992,Product_992,Furniture,Binders,2172.77
PROD1993,Product_993,Furniture,Binders,2830.99
PROD1994,Product_994,Furniture,Chairs,4454.1
PROD1995,Product_995,Furniture,Storage,1697.75
PROD1996,Product_996,Technology,Phones,754.44
PROD1997,Product_997,Office Supplies,Chairs,2497.43
PROD1998,Product_998,Office Supplies,Tables,3758.94
PROD1999,Product_999,Office Supplies,Chairs,638.31
